id,question,status,latency,fallback_type,source,model,response_snippet
1,what is telangana sports authority?,200,12.64,Success,sql_agent,unknown,The Telangana Sports Authority is an organization responsible for promoting and developing sports in...
2,telangana sports authority ka main role kya hai?,Exception,0.00,Connection Error,error,error,"slice(None, 100, None)"
3,tsa kis department ke under aata hai?,Exception,0.00,Connection Error,error,error,"slice(None, 100, None)"
4,sports authority telangana office kaha hai?,Exception,0.00,Connection Error,error,error,"slice(None, 100, None)"
5,tsa ka official website kaunsa hai?,Exception,0.00,Connection Error,error,error,"slice(None, 100, None)"
6,telangana sports authority contact number?,Exception,0.00,Connection Error,error,error,"slice(None, 100, None)"
7,tsa working hours kya hote hain?,Exception,0.00,Connection Error,error,error,"slice(None, 100, None)"
8,sports authority telangana chairman kaun hai?,Exception,0.00,Connection Error,error,error,"slice(None, 100, None)"
9,tsa private hai ya government?,Exception,0.00,Connection Error,error,error,"slice(None, 100, None)"
10,telangana sports authority kab establish hua?,Exception,0.00,Connection Error,error,error,"slice(None, 100, None)"
11,tsa ka jurisdiction kya sirf telangana tak hai?,Exception,0.00,Connection Error,error,error,"slice(None, 100, None)"
12,sports authority telangana ka budget kaun decide karta hai?,200,2.57,Success,static_knowledge,unknown,üí∞ **Sports Budget:**  The government has allocated **‚Çπ500 Crores** for sports infrastructure develop...
13,tsa aur sai mein difference kya hai?,Exception,0.00,Connection Error,error,error,"slice(None, 100, None)"
14,tsa ke under kaun kaun se schemes aati hain?,Exception,0.00,Connection Error,error,error,"slice(None, 100, None)"
15,telangana sports authority ka kaam athletes ke liye kya hota hai?,Exception,0.00,Connection Error,error,error,"slice(None, 100, None)"
16,tsa ke under stadium booking hoti hai kya?,200,0.00,Success,static_knowledge,unknown,"üèüÔ∏è **Main Venue:**  The opening ceremony and main events are held at **Gachibowli Indoor Stadium, Hy..."
17,sports authority telangana ka grievance system hai kya?,Exception,0.00,Connection Error,error,error,"slice(None, 100, None)"
18,tsa ka head office hyderabad mein hi hai kya?,Exception,0.00,Connection Error,error,error,"slice(None, 100, None)"
19,telangana sports authority ka vision kya hai?,200,4.65,Success,static_knowledge,unknown,üéØ **Vision 2025:**  To identify rural talent and nurture them into world-class athletes for the upco...
20,tsa ke decisions final hote hain kya?,Exception,0.00,Connection Error,error,error,"slice(None, 100, None)"
21,tsa se related circulars kaha milte hain?,Exception,0.00,Connection Error,error,error,"slice(None, 100, None)"
22,sports authority telangana ke notices kaha publish hote hain?,Exception,0.00,Connection Error,error,error,"slice(None, 100, None)"
23,tsa state level events conduct karta hai kya?,Exception,0.00,Connection Error,error,error,"slice(None, 100, None)"
24,telangana sports authority ka logo kaha use hota hai?,Exception,0.00,Connection Error,error,error,"slice(None, 100, None)"
25,tsa private academy ko fund karta hai kya?,Exception,0.00,Connection Error,error,error,"slice(None, 100, None)"
26,sports authority telangana under kaun kaun se stadiums aate hain?,Exception,0.00,Connection Error,error,error,"slice(None, 100, None)"
27,tsa athletes ko directly select karta hai kya?,Exception,0.00,Connection Error,error,error,"slice(None, 100, None)"
28,tsa ke rules kaun frame karta hai?,Exception,0.00,Connection Error,error,error,"slice(None, 100, None)"
29,telangana sports authority ka helpline hai kya?,Exception,0.00,Connection Error,error,error,"slice(None, 100, None)"
30,tsa ka kaam sirf sports tak limited hai kya?,Exception,0.00,Connection Error,error,error,"slice(None, 100, None)"
31,sports hostel admission ka process kya hai?,Exception,0.00,Connection Error,error,error,"slice(None, 100, None)"
32,telangana sports hostel admission kab start hota hai?,Exception,0.00,Connection Error,error,error,"slice(None, 100, None)"
33,hostel admission ke liye age limit kya hai?,Exception,0.00,Connection Error,error,error,"slice(None, 100, None)"
34,kya girls ke liye alag sports hostel hai?,Exception,0.00,Connection Error,error,error,"slice(None, 100, None)"
35,sports hostel admission ke liye online apply hota hai kya?,Exception,0.00,Connection Error,error,error,"slice(None, 100, None)"
36,hostel admission ke liye entrance test hota hai kya?,Exception,0.00,Connection Error,error,error,"slice(None, 100, None)"
37,sports hostel ke liye trials kaha hote hain?,Exception,0.00,Connection Error,error,error,"slice(None, 100, None)"
38,hostel admission ke liye sports certificates mandatory hai kya?,Exception,0.00,Connection Error,error,error,"slice(None, 100, None)"
39,district level players hostel mein apply kar sakte hain kya?,Exception,0.00,Connection Error,error,error,"slice(None, 100, None)"
40,national level players ko preference milta hai kya?,Exception,0.00,Connection Error,error,error,"slice(None, 100, None)"
41,sports hostel fees kitni hoti hai?,Exception,0.00,Connection Error,error,error,"slice(None, 100, None)"
42,hostel mein food free hota hai kya?,Exception,0.00,Connection Error,error,error,"slice(None, 100, None)"
43,hostel mein education facility hoti hai kya?,Exception,0.00,Connection Error,error,error,"slice(None, 100, None)"
44,hostel admission ke liye domicile compulsory hai kya?,Exception,0.00,Connection Error,error,error,"slice(None, 100, None)"
45,sports hostel admission ke liye income limit hai kya?,Exception,0.00,Connection Error,error,error,"slice(None, 100, None)"
46,hostel admission ke liye medical certificate chahiye kya?,Exception,0.00,Connection Error,error,error,"slice(None, 100, None)"
47,sports hostel ka duration kitna hota hai?,Exception,0.00,Connection Error,error,error,"slice(None, 100, None)"
48,hostel admission cancel kab ho sakta hai?,Exception,0.00,Connection Error,error,error,"slice(None, 100, None)"
49,hostel mein rehne ke rules kya hain?,Exception,0.00,Connection Error,error,error,"slice(None, 100, None)"
50,hostel admission ke liye sports trial repeat ho sakta hai kya?,Exception,0.00,Connection Error,error,error,"slice(None, 100, None)"
51,ek student do sports ke liye apply kar sakta hai kya?,Exception,0.00,Connection Error,error,error,"slice(None, 100, None)"
52,hostel admission ke liye age relaxation hota hai kya?,Exception,0.00,Connection Error,error,error,"slice(None, 100, None)"
53,hostel admission mein reservation apply hota hai kya?,Exception,0.00,Connection Error,error,error,"slice(None, 100, None)"
54,sports hostel ka selection merit based hota hai kya?,Exception,0.00,Connection Error,error,error,"slice(None, 100, None)"
55,hostel admission ka result kaha publish hota hai?,Exception,0.00,Connection Error,error,error,"slice(None, 100, None)"
56,hostel join karne ke baad sport change kar sakte hain kya?,Exception,0.00,Connection Error,error,error,"slice(None, 100, None)"
57,hostel admission ke liye parent consent required hai kya?,Exception,0.00,Connection Error,error,error,"slice(None, 100, None)"
58,sports hostel dropout policy kya hai?,Exception,0.00,Connection Error,error,error,"slice(None, 100, None)"
59,hostel admission ke liye aadhaar mandatory hai kya?,Exception,0.00,Connection Error,error,error,"slice(None, 100, None)"
60,sports hostel trial miss ho jaye to next chance milega kya?,Exception,0.00,Connection Error,error,error,"slice(None, 100, None)"
61,hostel admission ke liye sports kit provided hota hai kya?,Exception,0.00,Connection Error,error,error,"slice(None, 100, None)"
62,hostel mein medical support hota hai kya?,Exception,0.00,Connection Error,error,error,"slice(None, 100, None)"
63,hostel students ko scholarship milti hai kya?,Exception,0.00,Connection Error,error,error,"slice(None, 100, None)"
64,sports hostel ke holidays ka rule kya hai?,Exception,0.00,Connection Error,error,error,"slice(None, 100, None)"
65,hostel admission ke liye police verification chahiye kya?,Exception,0.00,Connection Error,error,error,"slice(None, 100, None)"
66,sports hostel selection committee kaun hota hai?,Exception,0.00,Connection Error,error,error,"slice(None, 100, None)"
67,hostel admission ke liye height weight criteria hota hai kya?,Exception,0.00,Connection Error,error,error,"slice(None, 100, None)"
68,sports hostel ka age proof kya accept hota hai?,Exception,0.00,Connection Error,error,error,"slice(None, 100, None)"
69,hostel admission ke liye interview hota hai kya?,Exception,0.00,Connection Error,error,error,"slice(None, 100, None)"
70,sports hostel admission ke liye last date kya hai?,Exception,0.00,Connection Error,error,error,"slice(None, 100, None)"
71,hostel admission ke liye sports discipline wise seats hoti hain kya?,Exception,0.00,Connection Error,error,error,"slice(None, 100, None)"
72,hostel mein coaching free hoti hai kya?,Exception,0.00,Connection Error,error,error,"slice(None, 100, None)"
73,hostel admission ke liye migration certificate chahiye kya?,Exception,0.00,Connection Error,error,error,"slice(None, 100, None)"
74,sports hostel mein rehne ke baad private academy join kar sakte hain kya?,Exception,0.00,Connection Error,error,error,"slice(None, 100, None)"
75,hostel admission ke liye bank account mandatory hai kya?,Exception,0.00,Connection Error,error,error,"slice(None, 100, None)"
76,hostel admission ke liye caste certificate required hai kya?,Exception,0.00,Connection Error,error,error,"slice(None, 100, None)"
77,sports hostel admission ke liye sports quota hota hai kya?,200,1.27,Success,static_knowledge,unknown,üìú **Sports Quota:**  **2% reservation** is provided for meritorious sports persons in government job...
78,hostel admission ke liye trial score ka weightage kya hai?,Exception,0.00,Connection Error,error,error,"slice(None, 100, None)"
79,sports hostel admission ke rules change hote rehte hain kya?,Exception,0.00,Connection Error,error,error,"slice(None, 100, None)"
80,hostel admission ke liye sibling preference hoti hai kya?,Exception,0.00,Connection Error,error,error,"slice(None, 100, None)"
81,telangana sports scholarship kaun kaun le sakta hai?,Exception,0.00,Connection Error,error,error,"slice(None, 100, None)"
82,scholarship amount kitna hota hai?,Exception,0.00,Connection Error,error,error,"slice(None, 100, None)"
83,scholarship kab milti hai annually ya monthly?,Exception,0.00,Connection Error,error,error,"slice(None, 100, None)"
84,sports incentive aur scholarship mein difference kya hai?,Exception,0.00,Connection Error,error,error,"slice(None, 100, None)"
85,medal winners ko incentive milta hai kya?,Exception,0.00,Connection Error,error,error,"slice(None, 100, None)"
86,state medal winners ko kitna incentive milta hai?,Exception,0.00,Connection Error,error,error,"slice(None, 100, None)"
87,national medal ke liye incentive kitna hai?,Exception,0.00,Connection Error,error,error,"slice(None, 100, None)"
88,international medal ke liye incentive policy kya hai?,Exception,0.00,Connection Error,error,error,"slice(None, 100, None)"
89,scholarship ke liye apply kaise karein?,Exception,0.00,Connection Error,error,error,"slice(None, 100, None)"
90,scholarship ke liye performance criteria kya hai?,Exception,0.00,Connection Error,error,error,"slice(None, 100, None)"
91,scholarship renew hoti hai kya?,Exception,0.00,Connection Error,error,error,"slice(None, 100, None)"
92,scholarship stop kab ho sakti hai?,Exception,0.00,Connection Error,error,error,"slice(None, 100, None)"
93,injury ke case mein scholarship continue hoti hai kya?,Exception,0.00,Connection Error,error,error,"slice(None, 100, None)"
94,scholarship ke liye income certificate chahiye kya?,Exception,0.00,Connection Error,error,error,"slice(None, 100, None)"
95,ek athlete multiple scholarships le sakta hai kya?,Exception,0.00,Connection Error,error,error,"slice(None, 100, None)"
96,scholarship ke liye attendance criteria hota hai kya?,Exception,0.00,Connection Error,error,error,"slice(None, 100, None)"
97,scholarship amount directly bank mein aata hai kya?,Exception,0.00,Connection Error,error,error,"slice(None, 100, None)"
98,scholarship delay ho jaye to complaint kaha karein?,Exception,0.00,Connection Error,error,error,"slice(None, 100, None)"
99,scholarship ke liye sports federation certificate valid hai kya?,Exception,0.00,Connection Error,error,error,"slice(None, 100, None)"
100,school level athletes ko scholarship milti hai kya?,Exception,0.00,Connection Error,error,error,"slice(None, 100, None)"
101,college athletes scholarship ke liye eligible hain kya?,Exception,0.00,Connection Error,error,error,"slice(None, 100, None)"
102,private academy athletes ko scholarship mil sakti hai kya?,Exception,0.00,Connection Error,error,error,"slice(None, 100, None)"
103,scholarship ke liye age limit kya hai?,Exception,0.00,Connection Error,error,error,"slice(None, 100, None)"
104,scholarship ke liye domicile rule kya hai?,Exception,0.00,Connection Error,error,error,"slice(None, 100, None)"
105,scholarship ka GO kaunsa hai?,Exception,0.00,Connection Error,error,error,"slice(None, 100, None)"
106,scholarship policy kab update hui last time?,Exception,0.00,Connection Error,error,error,"slice(None, 100, None)"
107,scholarship ke liye online portal kaunsa hai?,Exception,0.00,Connection Error,error,error,"slice(None, 100, None)"
108,scholarship form reject hone ke reasons kya hote hain?,Exception,0.00,Connection Error,error,error,"slice(None, 100, None)"
109,scholarship ke liye trial required hai kya?,Exception,0.00,Connection Error,error,error,"slice(None, 100, None)"
110,scholarship ke liye medal compulsory hai kya?,Exception,0.00,Connection Error,error,error,"slice(None, 100, None)"
111,sports incentive ke liye tax lagta hai kya?,Exception,0.00,Connection Error,error,error,"slice(None, 100, None)"
112,incentive amount installment mein milta hai kya?,Exception,0.00,Connection Error,error,error,"slice(None, 100, None)"
113,incentive claim karne ki time limit kya hai?,Exception,0.00,Connection Error,error,error,"slice(None, 100, None)"
114,incentive ke liye verification ka process kya hai?,Exception,0.00,Connection Error,error,error,"slice(None, 100, None)"
115,incentive ke liye federation recommendation mandatory hai kya?,Exception,0.00,Connection Error,error,error,"slice(None, 100, None)"
116,scholarship ke liye sports discipline important hai kya?,Exception,0.00,Connection Error,error,error,"slice(None, 100, None)"
117,scholarship ke liye previous performance count hota hai kya?,Exception,0.00,Connection Error,error,error,"slice(None, 100, None)"
118,scholarship ke liye age relaxation hota hai kya?,Exception,0.00,Connection Error,error,error,"slice(None, 100, None)"
119,scholarship ke liye caste reservation apply hota hai kya?,Exception,0.00,Connection Error,error,error,"slice(None, 100, None)"
120,scholarship amount change hota rehta hai kya?,Exception,0.00,Connection Error,error,error,"slice(None, 100, None)"
121,scholarship ke liye attendance proof kya hota hai?,Exception,0.00,Connection Error,error,error,"slice(None, 100, None)"
122,scholarship ke liye academic performance matter karta hai kya?,Exception,0.00,Connection Error,error,error,"slice(None, 100, None)"
123,scholarship ke liye medical fitness certificate chahiye kya?,Exception,0.00,Connection Error,error,error,"slice(None, 100, None)"
124,scholarship ke liye aadhaar linking mandatory hai kya?,Exception,0.00,Connection Error,error,error,"slice(None, 100, None)"
125,scholarship ke liye bank kyc required hai kya?,Exception,0.00,Connection Error,error,error,"slice(None, 100, None)"
126,scholarship ke liye duplicate applications allowed hain kya?,Exception,0.00,Connection Error,error,error,"slice(None, 100, None)"
127,scholarship ke liye sports quota apply hota hai kya?,200,2.96,Success,static_knowledge,unknown,üìú **Sports Quota:**  **2% reservation** is provided for meritorious sports persons in government job...
128,scholarship ke liye grievance redressal kaha hai?,Exception,0.00,Connection Error,error,error,"slice(None, 100, None)"
129,scholarship ke liye helpline number kya hai?,Exception,0.00,Connection Error,error,error,"slice(None, 100, None)"
130,scholarship policy future mein change ho sakti hai kya?,Exception,0.00,Connection Error,error,error,"slice(None, 100, None)"
131,telangana sports authority coach recruitment kab hoti hai?,Exception,0.00,Connection Error,error,error,"slice(None, 100, None)"
132,tsa coach ke liye qualification kya chahiye?,Exception,0.00,Connection Error,error,error,"slice(None, 100, None)"
133,coach recruitment contract basis hota hai kya?,Exception,0.00,Connection Error,error,error,"slice(None, 100, None)"
134,permanent coach posts available hote hain kya?,Exception,0.00,Connection Error,error,error,"slice(None, 100, None)"
135,tsa coach recruitment ka notification kaha aata hai?,Exception,0.00,Connection Error,error,error,"slice(None, 100, None)"
136,coach ke liye age limit kya hai?,Exception,0.00,Connection Error,error,error,"slice(None, 100, None)"
137,kya ex-players coach ke liye eligible hote hain?,Exception,0.00,Connection Error,error,error,"slice(None, 100, None)"
138,coach recruitment mein written test hota hai kya?,Exception,0.00,Connection Error,error,error,"slice(None, 100, None)"
139,coach selection process kya hota hai?,Exception,0.00,Connection Error,error,error,"slice(None, 100, None)"
140,tsa coach salary structure kya hai?,Exception,0.00,Connection Error,error,error,"slice(None, 100, None)"
141,coach recruitment ke liye nisc certificate mandatory hai kya?,Exception,0.00,Connection Error,error,error,"slice(None, 100, None)"
142,foreign certified coaches apply kar sakte hain kya?,Exception,0.00,Connection Error,error,error,"slice(None, 100, None)"
143,coach recruitment ke liye domicile compulsory hai kya?,Exception,0.00,Connection Error,error,error,"slice(None, 100, None)"
144,coach recruitment mein reservation apply hota hai kya?,Exception,0.00,Connection Error,error,error,"slice(None, 100, None)"
145,women coaches ke liye separate posts hote hain kya?,Exception,0.00,Connection Error,error,error,"slice(None, 100, None)"
146,coach recruitment ke liye experience kitna chahiye?,Exception,0.00,Connection Error,error,error,"slice(None, 100, None)"
147,coach recruitment ke liye sports federation approval chahiye kya?,Exception,0.00,Connection Error,error,error,"slice(None, 100, None)"
148,tsa coach ka transfer hota hai kya?,Exception,0.00,Connection Error,error,error,"slice(None, 100, None)"
149,coach contract renewal ka process kya hai?,Exception,0.00,Connection Error,error,error,"slice(None, 100, None)"
150,coach ke performance ka evaluation kaise hota hai?,Exception,0.00,Connection Error,error,error,"slice(None, 100, None)"
151,coach recruitment ke liye medical fitness chahiye kya?,Exception,0.00,Connection Error,error,error,"slice(None, 100, None)"
152,coach recruitment ke liye police verification hota hai kya?,Exception,0.00,Connection Error,error,error,"slice(None, 100, None)"
153,coach recruitment ke liye interview kaha hota hai?,Exception,0.00,Connection Error,error,error,"slice(None, 100, None)"
154,coach recruitment ke liye online apply hota hai kya?,Exception,0.00,Connection Error,error,error,"slice(None, 100, None)"
155,coach recruitment ke liye exam syllabus kya hai?,Exception,0.00,Connection Error,error,error,"slice(None, 100, None)"
156,coach recruitment ke liye exam language kaunsi hoti hai?,Exception,0.00,Connection Error,error,error,"slice(None, 100, None)"
157,coach recruitment ke liye coaching experience ka proof chahiye kya?,Exception,0.00,Connection Error,error,error,"slice(None, 100, None)"
158,tsa coach ko multiple sports train karna padta hai kya?,Exception,0.00,Connection Error,error,error,"slice(None, 100, None)"
159,coach recruitment ke liye sports discipline wise posts hoti hain kya?,Exception,0.00,Connection Error,error,error,"slice(None, 100, None)"
160,coach recruitment ka result kaha publish hota hai?,Exception,0.00,Connection Error,error,error,"slice(None, 100, None)"
161,tsa coach ko government employee mana jata hai kya?,Exception,0.00,Connection Error,error,error,"slice(None, 100, None)"
162,coach recruitment ke liye age relaxation hota hai kya?,Exception,0.00,Connection Error,error,error,"slice(None, 100, None)"
163,coach recruitment ke liye caste certificate required hai kya?,Exception,0.00,Connection Error,error,error,"slice(None, 100, None)"
164,coach recruitment ke liye aadhaar mandatory hai kya?,Exception,0.00,Connection Error,error,error,"slice(None, 100, None)"
165,coach recruitment ke liye income certificate chahiye kya?,Exception,0.00,Connection Error,error,error,"slice(None, 100, None)"
166,coach recruitment ke liye bank account required hai kya?,Exception,0.00,Connection Error,error,error,"slice(None, 100, None)"
167,tsa coach posting location kaise decide hoti hai?,Exception,0.00,Connection Error,error,error,"slice(None, 100, None)"
168,coach recruitment ke liye probation period hota hai kya?,Exception,0.00,Connection Error,error,error,"slice(None, 100, None)"
169,coach recruitment ke liye sports achievements count hote hain kya?,Exception,0.00,Connection Error,error,error,"slice(None, 100, None)"
170,coach recruitment ke liye recommendation allowed hai kya?,Exception,0.00,Connection Error,error,error,"slice(None, 100, None)"
171,coach recruitment ke liye application fee hoti hai kya?,Exception,0.00,Connection Error,error,error,"slice(None, 100, None)"
172,coach recruitment ke liye late application accept hota hai kya?,Exception,0.00,Connection Error,error,error,"slice(None, 100, None)"
173,coach recruitment ke liye physical test hota hai kya?,Exception,0.00,Connection Error,error,error,"slice(None, 100, None)"
174,coach recruitment ke liye training bond sign karna padta hai kya?,Exception,0.00,Connection Error,error,error,"slice(None, 100, None)"
175,tsa coach ko foreign training milti hai kya?,Exception,0.00,Connection Error,error,error,"slice(None, 100, None)"
176,coach recruitment ke liye resignation certificate chahiye kya?,Exception,0.00,Connection Error,error,error,"slice(None, 100, None)"
177,coach recruitment ke liye private academy experience valid hai kya?,Exception,0.00,Connection Error,error,error,"slice(None, 100, None)"
178,coach recruitment ke liye sports science background useful hota hai kya?,Exception,0.00,Connection Error,error,error,"slice(None, 100, None)"
179,coach recruitment ke liye phd preference hoti hai kya?,Exception,0.00,Connection Error,error,error,"slice(None, 100, None)"
180,coach recruitment ke liye refresher courses compulsory hote hain kya?,Exception,0.00,Connection Error,error,error,"slice(None, 100, None)"
181,coach recruitment ke liye service rules kaha milte hain?,Exception,0.00,Connection Error,error,error,"slice(None, 100, None)"
182,coach recruitment ke liye grievance kaha file karein?,Exception,0.00,Connection Error,error,error,"slice(None, 100, None)"
183,coach recruitment ka helpline number kya hai?,Exception,0.00,Connection Error,error,error,"slice(None, 100, None)"
184,coach recruitment ke liye merit list kaise banti hai?,Exception,0.00,Connection Error,error,error,"slice(None, 100, None)"
185,coach recruitment ke liye trial evaluation ka weightage kya hai?,Exception,0.00,Connection Error,error,error,"slice(None, 100, None)"
186,coach recruitment ke liye interview marks ka weightage kya hai?,Exception,0.00,Connection Error,error,error,"slice(None, 100, None)"
187,coach recruitment ke liye document verification kab hota hai?,Exception,0.00,Connection Error,error,error,"slice(None, 100, None)"
188,coach recruitment ke liye selection committee kaun hota hai?,Exception,0.00,Connection Error,error,error,"slice(None, 100, None)"
189,coach recruitment ke liye joining time limit kya hai?,Exception,0.00,Connection Error,error,error,"slice(None, 100, None)"
190,coach recruitment ke rules future mein change ho sakte hain kya?,Exception,0.00,Connection Error,error,error,"slice(None, 100, None)"
191,sports trials telangana mein kab hote hain?,Exception,0.00,Connection Error,error,error,"slice(None, 100, None)"
192,tsa trials ka notification kaha publish hota hai?,Exception,0.00,Connection Error,error,error,"slice(None, 100, None)"
193,trials ke liye registration kaise karein?,Exception,0.00,Connection Error,error,error,"slice(None, 100, None)"
194,trials ke liye age proof kya chahiye?,Exception,0.00,Connection Error,error,error,"slice(None, 100, None)"
195,trials ke liye sports kit laana padta hai kya?,Exception,0.00,Connection Error,error,error,"slice(None, 100, None)"
196,trials ke liye travel allowance milta hai kya?,Exception,0.00,Connection Error,error,error,"slice(None, 100, None)"
197,trials ke liye district certificate mandatory hai kya?,Exception,0.00,Connection Error,error,error,"slice(None, 100, None)"
198,trials ke liye state players ko preference milta hai kya?,Exception,0.00,Connection Error,error,error,"slice(None, 100, None)"
199,trials ke liye physical fitness test hota hai kya?,Exception,0.00,Connection Error,error,error,"slice(None, 100, None)"
200,trials ke liye performance criteria kya hota hai?,Exception,0.00,Connection Error,error,error,"slice(None, 100, None)"
201,trials ke liye selection purely merit based hota hai kya?,Exception,0.00,Connection Error,error,error,"slice(None, 100, None)"
202,trials ke liye reservation policy apply hoti hai kya?,Exception,0.00,Connection Error,error,error,"slice(None, 100, None)"
203,trials ke liye girls aur boys alag hote hain kya?,Exception,0.00,Connection Error,error,error,"slice(None, 100, None)"
204,trials ke liye sports discipline change kar sakte hain kya?,Exception,0.00,Connection Error,error,error,"slice(None, 100, None)"
205,trials ke liye ek athlete multiple categories mein apply kar sakta hai kya?,Exception,0.00,Connection Error,error,error,"slice(None, 100, None)"
206,trials ke liye previous medals ka weightage hota hai kya?,Exception,0.00,Connection Error,error,error,"slice(None, 100, None)"
207,trials ke liye attendance mandatory hoti hai kya?,Exception,0.00,Connection Error,error,error,"slice(None, 100, None)"
208,trials ke liye biometric verification hota hai kya?,Exception,0.00,Connection Error,error,error,"slice(None, 100, None)"
209,trials ke liye medical checkup hota hai kya?,Exception,0.00,Connection Error,error,error,"slice(None, 100, None)"
210,trials ke liye injury consideration hota hai kya?,Exception,0.00,Connection Error,error,error,"slice(None, 100, None)"
211,trials ke liye trial score ka record milta hai kya?,Exception,0.00,Connection Error,error,error,"slice(None, 100, None)"
212,trials ke liye appeal option hota hai kya?,Exception,0.00,Connection Error,error,error,"slice(None, 100, None)"
213,trials ke liye result kitne din mein aata hai?,Exception,0.00,Connection Error,error,error,"slice(None, 100, None)"
214,trials ke liye waiting list hoti hai kya?,Exception,0.00,Connection Error,error,error,"slice(None, 100, None)"
215,trials ke liye re-trial allowed hota hai kya?,Exception,0.00,Connection Error,error,error,"slice(None, 100, None)"
216,trials ke liye weather delay ka kya rule hai?,200,0.00,Success,static_knowledge,unknown,"üå¶Ô∏è **Weather:** For real-time weather updates, please check your local news. Matches proceed unless ..."
217,trials ke liye parents allowed hote hain kya?,Exception,0.00,Connection Error,error,error,"slice(None, 100, None)"
218,trials ke liye coach recommendation valid hota hai kya?,Exception,0.00,Connection Error,error,error,"slice(None, 100, None)"
219,trials ke liye sports federation observer hota hai kya?,Exception,0.00,Connection Error,error,error,"slice(None, 100, None)"
220,trials ke liye age relaxation hota hai kya?,Exception,0.00,Connection Error,error,error,"slice(None, 100, None)"
221,trials ke liye caste certificate verify hota hai kya?,Exception,0.00,Connection Error,error,error,"slice(None, 100, None)"
222,trials ke liye domicile verify hota hai kya?,Exception,0.00,Connection Error,error,error,"slice(None, 100, None)"
223,trials ke liye trial marks publicly available hote hain kya?,Exception,0.00,Connection Error,error,error,"slice(None, 100, None)"
224,trials ke liye video recording hoti hai kya?,Exception,0.00,Connection Error,error,error,"slice(None, 100, None)"
225,trials ke liye trial venue ka change possible hai kya?,Exception,0.00,Connection Error,error,error,"slice(None, 100, None)"
226,trials ke liye reporting time kya hota hai?,Exception,0.00,Connection Error,error,error,"slice(None, 100, None)"
227,trials ke liye late reporting allowed hai kya?,Exception,0.00,Connection Error,error,error,"slice(None, 100, None)"
228,trials ke liye dress code hota hai kya?,Exception,0.00,Connection Error,error,error,"slice(None, 100, None)"
229,trials ke liye sports shoes mandatory hote hain kya?,Exception,0.00,Connection Error,error,error,"slice(None, 100, None)"
230,trials ke liye disqualification rules kya hain?,Exception,0.00,Connection Error,error,error,"slice(None, 100, None)"
231,trials ke liye medical unfit hone par kya hota hai?,Exception,0.00,Connection Error,error,error,"slice(None, 100, None)"
232,trials ke liye selected athletes ko next step kya hota hai?,Exception,0.00,Connection Error,error,error,"slice(None, 100, None)"
233,trials ke liye result challenge kar sakte hain kya?,Exception,0.00,Connection Error,error,error,"slice(None, 100, None)"
234,trials ke liye selection committee kaun hota hai?,Exception,0.00,Connection Error,error,error,"slice(None, 100, None)"
235,trials ke liye performance review hota hai kya?,Exception,0.00,Connection Error,error,error,"slice(None, 100, None)"
236,trials ke liye improvement chance milta hai kya?,Exception,0.00,Connection Error,error,error,"slice(None, 100, None)"
237,trials ke liye sports wise cut-off hota hai kya?,Exception,0.00,Connection Error,error,error,"slice(None, 100, None)"
238,trials ke liye tie-break rule kya hota hai?,Exception,0.00,Connection Error,error,error,"slice(None, 100, None)"
239,trials ke liye digital scorecard milta hai kya?,Exception,0.00,Connection Error,error,error,"slice(None, 100, None)"
240,trials ke liye grievance kaha raise karein?,Exception,0.00,Connection Error,error,error,"slice(None, 100, None)"
241,tsa admission mein reservation policy kya hai?,Exception,0.00,Connection Error,error,error,"slice(None, 100, None)"
242,sports hostel admission mein sc st reservation hota hai kya?,Exception,0.00,Connection Error,error,error,"slice(None, 100, None)"
243,obc reservation tsa schemes mein apply hota hai kya?,Exception,0.00,Connection Error,error,error,"slice(None, 100, None)"
244,ews quota sports hostel mein hota hai kya?,200,5.07,Success,static_knowledge,unknown,üìú **Sports Quota:**  **2% reservation** is provided for meritorious sports persons in government job...
245,women reservation tsa admissions mein hota hai kya?,Exception,0.00,Connection Error,error,error,"slice(None, 100, None)"
246,domicile certificate mandatory hota hai kya?,Exception,0.00,Connection Error,error,error,"slice(None, 100, None)"
247,domicile ka meaning kya telangana born hona hai?,Exception,0.00,Connection Error,error,error,"slice(None, 100, None)"
248,outside telangana players apply kar sakte hain kya?,Exception,0.00,Connection Error,error,error,"slice(None, 100, None)"
249,migrant families ke bachche eligible hote hain kya?,Exception,0.00,Connection Error,error,error,"slice(None, 100, None)"
250,reservation certificate ka format kya hona chahiye?,Exception,0.00,Connection Error,error,error,"slice(None, 100, None)"
251,reservation certificate ka issuing authority kaun hota hai?,Exception,0.00,Connection Error,error,error,"slice(None, 100, None)"
252,age relaxation kis category ko milta hai?,Exception,0.00,Connection Error,error,error,"slice(None, 100, None)"
253,ex-servicemen quota sports schemes mein hota hai kya?,200,8.41,Success,static_knowledge,unknown,üìú **Sports Quota:**  **2% reservation** is provided for meritorious sports persons in government job...
254,disabled athletes ke liye reservation hota hai kya?,Exception,0.00,Connection Error,error,error,"slice(None, 100, None)"
255,reservation policy ka go number kya hai?,Exception,0.00,Connection Error,error,error,"slice(None, 100, None)"
256,reservation ka benefit hostel aur scholarship dono mein hota hai kya?,Exception,0.00,Connection Error,error,error,"slice(None, 100, None)"
257,reservation ka misuse pakda gaya to kya hota hai?,Exception,0.00,Connection Error,error,error,"slice(None, 100, None)"
258,age relaxation ka maximum limit kya hai?,Exception,0.00,Connection Error,error,error,"slice(None, 100, None)"
259,age proof ke liye birth certificate valid hai kya?,Exception,0.00,Connection Error,error,error,"slice(None, 100, None)"
260,age calculation ka cut-off date kya hota hai?,Exception,0.00,Connection Error,error,error,"slice(None, 100, None)"
261,reservation roster kaun maintain karta hai?,Exception,0.00,Connection Error,error,error,"slice(None, 100, None)"
262,reservation apply hone ke baad merit ka role kya hota hai?,Exception,0.00,Connection Error,error,error,"slice(None, 100, None)"
263,reservation seats unfilled reh jaye to kya hota hai?,Exception,0.00,Connection Error,error,error,"slice(None, 100, None)"
264,caste certificate verification kab hota hai?,Exception,0.00,Connection Error,error,error,"slice(None, 100, None)"
265,reservation ke against appeal kar sakte hain kya?,Exception,0.00,Connection Error,error,error,"slice(None, 100, None)"
266,reservation policy future mein change ho sakti hai kya?,Exception,0.00,Connection Error,error,error,"slice(None, 100, None)"
267,domicile certificate ka validity period kya hota hai?,Exception,0.00,Connection Error,error,error,"slice(None, 100, None)"
268,domicile certificate online milta hai kya?,Exception,0.00,Connection Error,error,error,"slice(None, 100, None)"
269,domicile proof ke liye ration card valid hai kya?,Exception,0.00,Connection Error,error,error,"slice(None, 100, None)"
270,reservation ka clarification kaha milega?,Exception,0.00,Connection Error,error,error,"slice(None, 100, None)"
271,reservation policy ka language version kaha available hai?,Exception,0.00,Connection Error,error,error,"slice(None, 100, None)"
272,minority quota tsa schemes mein hota hai kya?,200,2.70,Success,static_knowledge,unknown,üìú **Sports Quota:**  **2% reservation** is provided for meritorious sports persons in government job...
273,reservation ka state vs central rule difference kya hai?,Exception,0.00,Connection Error,error,error,"slice(None, 100, None)"
274,reservation policy kis act ke under aati hai?,Exception,0.00,Connection Error,error,error,"slice(None, 100, None)"
275,reservation ke liye income limit kya hoti hai?,Exception,0.00,Connection Error,error,error,"slice(None, 100, None)"
276,reservation certificate late submit kar sakte hain kya?,Exception,0.00,Connection Error,error,error,"slice(None, 100, None)"
277,reservation ke liye affidavit chahiye kya?,Exception,0.00,Connection Error,error,error,"slice(None, 100, None)"
278,reservation ke liye tahsildar certificate valid hai kya?,Exception,0.00,Connection Error,error,error,"slice(None, 100, None)"
279,reservation dispute resolve kaise hota hai?,Exception,0.00,Connection Error,error,error,"slice(None, 100, None)"
280,reservation policy ka review hota hai kya?,Exception,0.00,Connection Error,error,error,"slice(None, 100, None)"
281,reservation ke liye biometric verification hota hai kya?,Exception,0.00,Connection Error,error,error,"slice(None, 100, None)"
282,reservation ke liye self-declaration allowed hai kya?,Exception,0.00,Connection Error,error,error,"slice(None, 100, None)"
283,reservation rules hostel mein alag hote hain kya?,Exception,0.00,Connection Error,error,error,"slice(None, 100, None)"
284,reservation rules scholarship mein alag hote hain kya?,Exception,0.00,Connection Error,error,error,"slice(None, 100, None)"
285,reservation ke liye parental domicile count hota hai kya?,Exception,0.00,Connection Error,error,error,"slice(None, 100, None)"
286,reservation ke liye years of stay criteria hota hai kya?,Exception,0.00,Connection Error,error,error,"slice(None, 100, None)"
287,reservation ke liye school study proof valid hai kya?,Exception,0.00,Connection Error,error,error,"slice(None, 100, None)"
288,reservation ke liye transfer cases ka rule kya hai?,Exception,0.00,Connection Error,error,error,"slice(None, 100, None)"
289,reservation ke liye court stay ka impact kya hota hai?,Exception,0.00,Connection Error,error,error,"slice(None, 100, None)"
290,reservation clarification ke liye contact kaha karein?,Exception,0.00,Connection Error,error,error,"slice(None, 100, None)"
291,tsa ke under kaun kaun se stadiums aate hain?,Exception,0.00,Connection Error,error,error,"slice(None, 100, None)"
292,stadium booking ka process kya hai?,200,2.81,Success,static_knowledge,unknown,"üèüÔ∏è **Main Venue:**  The opening ceremony and main events are held at **Gachibowli Indoor Stadium, Hy..."
293,stadium booking ke liye charges kitne hain?,200,2.81,Success,static_knowledge,unknown,"üèüÔ∏è **Main Venue:**  The opening ceremony and main events are held at **Gachibowli Indoor Stadium, Hy..."
294,stadium booking online hoti hai kya?,200,2.82,Success,static_knowledge,unknown,"üèüÔ∏è **Main Venue:**  The opening ceremony and main events are held at **Gachibowli Indoor Stadium, Hy..."
295,private tournaments ke liye stadium milta hai kya?,200,2.82,Success,static_knowledge,unknown,"üèüÔ∏è **Main Venue:**  The opening ceremony and main events are held at **Gachibowli Indoor Stadium, Hy..."
296,stadium booking ke liye permission kaun deta hai?,200,0.00,Success,static_knowledge,unknown,"üèüÔ∏è **Main Venue:**  The opening ceremony and main events are held at **Gachibowli Indoor Stadium, Hy..."
297,stadium booking ke liye advance payment hota hai kya?,200,0.00,Success,static_knowledge,unknown,"üèüÔ∏è **Main Venue:**  The opening ceremony and main events are held at **Gachibowli Indoor Stadium, Hy..."
298,stadium cancellation policy kya hai?,200,0.00,Success,static_knowledge,unknown,"üèüÔ∏è **Main Venue:**  The opening ceremony and main events are held at **Gachibowli Indoor Stadium, Hy..."
299,stadium booking ke liye security deposit hota hai kya?,200,0.00,Success,static_knowledge,unknown,"üèüÔ∏è **Main Venue:**  The opening ceremony and main events are held at **Gachibowli Indoor Stadium, Hy..."
300,stadium booking ke liye insurance chahiye kya?,200,0.00,Success,static_knowledge,unknown,"üèüÔ∏è **Main Venue:**  The opening ceremony and main events are held at **Gachibowli Indoor Stadium, Hy..."
301,stadium facilities mein changing room hota hai kya?,200,0.00,Success,static_knowledge,unknown,"üèüÔ∏è **Main Venue:**  The opening ceremony and main events are held at **Gachibowli Indoor Stadium, Hy..."
302,stadium mein flood lights available hote hain kya?,200,0.00,Success,static_knowledge,unknown,"üèüÔ∏è **Main Venue:**  The opening ceremony and main events are held at **Gachibowli Indoor Stadium, Hy..."
303,stadium mein medical room hota hai kya?,200,0.00,Success,static_knowledge,unknown,"üèüÔ∏è **Main Venue:**  The opening ceremony and main events are held at **Gachibowli Indoor Stadium, Hy..."
304,stadium booking ke liye sports association recommendation chahiye kya?,200,0.00,Success,static_knowledge,unknown,"üèüÔ∏è **Main Venue:**  The opening ceremony and main events are held at **Gachibowli Indoor Stadium, Hy..."
305,stadium booking ke liye id proof mandatory hai kya?,200,0.00,Success,static_knowledge,unknown,"üèüÔ∏è **Main Venue:**  The opening ceremony and main events are held at **Gachibowli Indoor Stadium, Hy..."
306,stadium booking ke liye gst lagta hai kya?,200,0.00,Success,static_knowledge,unknown,"üèüÔ∏è **Main Venue:**  The opening ceremony and main events are held at **Gachibowli Indoor Stadium, Hy..."
307,stadium booking ke liye refund milta hai kya?,200,0.00,Success,static_knowledge,unknown,"üèüÔ∏è **Main Venue:**  The opening ceremony and main events are held at **Gachibowli Indoor Stadium, Hy..."
308,stadium booking ke liye time slots kaise hote hain?,200,0.00,Success,static_knowledge,unknown,"üèüÔ∏è **Main Venue:**  The opening ceremony and main events are held at **Gachibowli Indoor Stadium, Hy..."
309,stadium booking ke liye priority kis ko milti hai?,200,0.00,Success,static_knowledge,unknown,"üèüÔ∏è **Main Venue:**  The opening ceremony and main events are held at **Gachibowli Indoor Stadium, Hy..."
310,stadium booking ke liye government events ko preference milta hai kya?,200,0.00,Success,static_knowledge,unknown,"üèüÔ∏è **Main Venue:**  The opening ceremony and main events are held at **Gachibowli Indoor Stadium, Hy..."
311,stadium booking ke liye noise restrictions hote hain kya?,200,0.00,Success,static_knowledge,unknown,"üèüÔ∏è **Main Venue:**  The opening ceremony and main events are held at **Gachibowli Indoor Stadium, Hy..."
312,stadium booking ke liye police permission chahiye kya?,200,0.00,Success,static_knowledge,unknown,"üèüÔ∏è **Main Venue:**  The opening ceremony and main events are held at **Gachibowli Indoor Stadium, Hy..."
313,stadium booking ke liye crowd limit hoti hai kya?,200,0.00,Success,static_knowledge,unknown,"üèüÔ∏è **Main Venue:**  The opening ceremony and main events are held at **Gachibowli Indoor Stadium, Hy..."
314,stadium booking ke liye parking facility hoti hai kya?,200,0.00,Success,static_knowledge,unknown,"üèüÔ∏è **Main Venue:**  The opening ceremony and main events are held at **Gachibowli Indoor Stadium, Hy..."
315,stadium booking ke liye electricity charges extra hote hain kya?,200,0.00,Success,static_knowledge,unknown,"üèüÔ∏è **Main Venue:**  The opening ceremony and main events are held at **Gachibowli Indoor Stadium, Hy..."
316,stadium booking ke liye generator allowed hai kya?,200,0.00,Success,static_knowledge,unknown,"üèüÔ∏è **Main Venue:**  The opening ceremony and main events are held at **Gachibowli Indoor Stadium, Hy..."
317,stadium booking ke liye food stalls allowed hote hain kya?,200,0.00,Success,static_knowledge,unknown,"üèüÔ∏è **Main Venue:**  The opening ceremony and main events are held at **Gachibowli Indoor Stadium, Hy..."
318,stadium booking ke liye advertisement allowed hai kya?,200,0.00,Success,static_knowledge,unknown,"üèüÔ∏è **Main Venue:**  The opening ceremony and main events are held at **Gachibowli Indoor Stadium, Hy..."
319,stadium booking ke liye banners allowed hote hain kya?,200,0.00,Success,static_knowledge,unknown,"üèüÔ∏è **Main Venue:**  The opening ceremony and main events are held at **Gachibowli Indoor Stadium, Hy..."
320,stadium booking ke liye hoardings allowed hote hain kya?,200,0.00,Success,static_knowledge,unknown,"üèüÔ∏è **Main Venue:**  The opening ceremony and main events are held at **Gachibowli Indoor Stadium, Hy..."
321,stadium booking ke liye ground markings kaun karta hai?,200,0.00,Success,static_knowledge,unknown,"üèüÔ∏è **Main Venue:**  The opening ceremony and main events are held at **Gachibowli Indoor Stadium, Hy..."
322,stadium booking ke liye maintenance charges included hote hain kya?,200,0.00,Success,static_knowledge,unknown,"üèüÔ∏è **Main Venue:**  The opening ceremony and main events are held at **Gachibowli Indoor Stadium, Hy..."
323,stadium booking ke liye equipment available hota hai kya?,200,0.00,Success,static_knowledge,unknown,"üèüÔ∏è **Main Venue:**  The opening ceremony and main events are held at **Gachibowli Indoor Stadium, Hy..."
324,stadium booking ke liye changing room timing kya hoti hai?,200,0.00,Success,static_knowledge,unknown,"üèüÔ∏è **Main Venue:**  The opening ceremony and main events are held at **Gachibowli Indoor Stadium, Hy..."
325,stadium booking ke liye emergency exit available hota hai kya?,200,0.00,Success,static_knowledge,unknown,"üèüÔ∏è **Main Venue:**  The opening ceremony and main events are held at **Gachibowli Indoor Stadium, Hy..."
326,stadium booking ke liye fire safety norms follow hote hain kya?,200,0.00,Success,static_knowledge,unknown,"üèüÔ∏è **Main Venue:**  The opening ceremony and main events are held at **Gachibowli Indoor Stadium, Hy..."
327,stadium booking ke liye disabled access hota hai kya?,200,0.00,Success,static_knowledge,unknown,"üèüÔ∏è **Main Venue:**  The opening ceremony and main events are held at **Gachibowli Indoor Stadium, Hy..."
328,stadium booking ke liye water facility hoti hai kya?,200,0.00,Success,static_knowledge,unknown,"üèüÔ∏è **Main Venue:**  The opening ceremony and main events are held at **Gachibowli Indoor Stadium, Hy..."
329,stadium booking ke liye washrooms available hote hain kya?,200,0.00,Success,static_knowledge,unknown,"üèüÔ∏è **Main Venue:**  The opening ceremony and main events are held at **Gachibowli Indoor Stadium, Hy..."
330,stadium booking ke liye seating capacity kitni hoti hai?,200,0.00,Success,static_knowledge,unknown,"üèüÔ∏è **Main Venue:**  The opening ceremony and main events are held at **Gachibowli Indoor Stadium, Hy..."
331,stadium booking ke liye night events allowed hote hain kya?,200,0.00,Success,static_knowledge,unknown,"üèüÔ∏è **Main Venue:**  The opening ceremony and main events are held at **Gachibowli Indoor Stadium, Hy..."
332,stadium booking ke liye photography allowed hai kya?,200,0.00,Success,static_knowledge,unknown,"üèüÔ∏è **Main Venue:**  The opening ceremony and main events are held at **Gachibowli Indoor Stadium, Hy..."
333,stadium booking ke liye videography allowed hai kya?,200,0.00,Success,static_knowledge,unknown,"üèüÔ∏è **Main Venue:**  The opening ceremony and main events are held at **Gachibowli Indoor Stadium, Hy..."
334,stadium booking ke liye drone allowed hai kya?,200,0.00,Success,static_knowledge,unknown,"üèüÔ∏è **Main Venue:**  The opening ceremony and main events are held at **Gachibowli Indoor Stadium, Hy..."
335,stadium booking ke liye additional permissions chahiye kya?,200,0.00,Success,static_knowledge,unknown,"üèüÔ∏è **Main Venue:**  The opening ceremony and main events are held at **Gachibowli Indoor Stadium, Hy..."
336,stadium booking ke liye event schedule submit karna hota hai kya?,200,0.00,Success,static_knowledge,unknown,"üèüÔ∏è **Main Venue:**  The opening ceremony and main events are held at **Gachibowli Indoor Stadium, Hy..."
337,stadium booking ke liye refundable deposit ka time kya hota hai?,200,0.00,Success,static_knowledge,unknown,"üèüÔ∏è **Main Venue:**  The opening ceremony and main events are held at **Gachibowli Indoor Stadium, Hy..."
338,stadium booking ke liye inspection hota hai kya?,200,0.00,Success,static_knowledge,unknown,"üèüÔ∏è **Main Venue:**  The opening ceremony and main events are held at **Gachibowli Indoor Stadium, Hy..."
339,stadium booking ke liye contact person kaun hota hai?,200,0.00,Success,static_knowledge,unknown,"üèüÔ∏è **Main Venue:**  The opening ceremony and main events are held at **Gachibowli Indoor Stadium, Hy..."
340,stadium booking ke rules kaha milte hain?,200,0.00,Success,static_knowledge,unknown,"üèüÔ∏è **Main Venue:**  The opening ceremony and main events are held at **Gachibowli Indoor Stadium, Hy..."
341,tsa grievance kaise file karein?,Exception,0.00,Connection Error,error,error,"slice(None, 100, None)"
342,scholarship payment delay ho jaye to kya karein?,Exception,0.00,Connection Error,error,error,"slice(None, 100, None)"
343,hostel issues ke liye complaint kaha karein?,Exception,0.00,Connection Error,error,error,"slice(None, 100, None)"
344,coach related complaint ka process kya hai?,Exception,0.00,Connection Error,error,error,"slice(None, 100, None)"
345,trial result dispute kaise raise karein?,Exception,0.00,Connection Error,error,error,"slice(None, 100, None)"
346,grievance file karne ke liye online portal hai kya?,Exception,0.00,Connection Error,error,error,"slice(None, 100, None)"
347,grievance ka reference number milta hai kya?,Exception,0.00,Connection Error,error,error,"slice(None, 100, None)"
348,grievance resolve hone ka time kitna hota hai?,Exception,0.00,Connection Error,error,error,"slice(None, 100, None)"
349,grievance ke liye documents attach karna hota hai kya?,Exception,0.00,Connection Error,error,error,"slice(None, 100, None)"
350,grievance anonymous file kar sakte hain kya?,Exception,0.00,Connection Error,error,error,"slice(None, 100, None)"
351,grievance escalation ka process kya hai?,Exception,0.00,Connection Error,error,error,"slice(None, 100, None)"
352,grievance ke liye helpline number kya hai?,Exception,0.00,Connection Error,error,error,"slice(None, 100, None)"
353,grievance ke liye email id kya hai?,Exception,0.00,Connection Error,error,error,"slice(None, 100, None)"
354,grievance ke liye office visit allowed hai kya?,Exception,0.00,Connection Error,error,error,"slice(None, 100, None)"
355,grievance ke liye appointment lena hota hai kya?,Exception,0.00,Connection Error,error,error,"slice(None, 100, None)"
356,grievance ke liye parent complaint kar sakta hai kya?,Exception,0.00,Connection Error,error,error,"slice(None, 100, None)"
357,grievance ke liye coach complaint kar sakta hai kya?,Exception,0.00,Connection Error,error,error,"slice(None, 100, None)"
358,grievance ke liye federation route hota hai kya?,Exception,0.00,Connection Error,error,error,"slice(None, 100, None)"
359,grievance ke liye response ka format kya hota hai?,Exception,0.00,Connection Error,error,error,"slice(None, 100, None)"
360,grievance close hone ke baad reopen kar sakte hain kya?,Exception,0.00,Connection Error,error,error,"slice(None, 100, None)"
361,payment status kaha check karein?,Exception,0.00,Connection Error,error,error,"slice(None, 100, None)"
362,scholarship payment ke liye pfms use hota hai kya?,Exception,0.00,Connection Error,error,error,"slice(None, 100, None)"
363,payment fail ho jaye to kya hota hai?,Exception,0.00,Connection Error,error,error,"slice(None, 100, None)"
364,payment ke liye bank details update kaise karein?,Exception,0.00,Connection Error,error,error,"slice(None, 100, None)"
365,payment ke liye aadhaar seeding mandatory hai kya?,Exception,0.00,Connection Error,error,error,"slice(None, 100, None)"
366,payment ke liye kyc pending ho to kya karein?,Exception,0.00,Connection Error,error,error,"slice(None, 100, None)"
367,payment ke liye nodal officer kaun hota hai?,Exception,0.00,Connection Error,error,error,"slice(None, 100, None)"
368,payment grievance ka alag system hota hai kya?,Exception,0.00,Connection Error,error,error,"slice(None, 100, None)"
369,payment delay ka reason kaha se pata chalega?,Exception,0.00,Connection Error,error,error,"slice(None, 100, None)"
370,payment grievance ke liye escalation kaha karein?,Exception,0.00,Connection Error,error,error,"slice(None, 100, None)"
371,payment ke liye sms/email notification aata hai kya?,Exception,0.00,Connection Error,error,error,"slice(None, 100, None)"
372,payment ke liye installment break-up milta hai kya?,Exception,0.00,Connection Error,error,error,"slice(None, 100, None)"
373,payment grievance ke liye district office approach kar sakte hain kya?,Exception,0.00,Connection Error,error,error,"slice(None, 100, None)"
374,payment grievance ke liye state office approach kar sakte hain kya?,Exception,0.00,Connection Error,error,error,"slice(None, 100, None)"
375,payment grievance ke liye court jana padta hai kya?,Exception,0.00,Connection Error,error,error,"slice(None, 100, None)"
376,grievance ke liye tracking status milta hai kya?,Exception,0.00,Connection Error,error,error,"slice(None, 100, None)"
377,grievance ke liye reminder bhej sakte hain kya?,Exception,0.00,Connection Error,error,error,"slice(None, 100, None)"
378,grievance ke liye complaint withdraw kar sakte hain kya?,Exception,0.00,Connection Error,error,error,"slice(None, 100, None)"
379,grievance ke liye resolution letter milta hai kya?,Exception,0.00,Connection Error,error,error,"slice(None, 100, None)"
380,grievance ke liye feedback dena hota hai kya?,Exception,0.00,Connection Error,error,error,"slice(None, 100, None)"
381,grievance ke liye language option milta hai kya?,Exception,0.00,Connection Error,error,error,"slice(None, 100, None)"
382,grievance ke liye telugu mein complaint file kar sakte hain kya?,Exception,0.00,Connection Error,error,error,"slice(None, 100, None)"
383,grievance ke liye hindi mein complaint file kar sakte hain kya?,Exception,0.00,Connection Error,error,error,"slice(None, 100, None)"
384,grievance ke liye english mein complaint file kar sakte hain kya?,Exception,0.00,Connection Error,error,error,"slice(None, 100, None)"
385,grievance ke liye district wise officers hote hain kya?,Exception,0.00,Connection Error,error,error,"slice(None, 100, None)"
386,grievance ke liye ombudsman hota hai kya?,Exception,0.00,Connection Error,error,error,"slice(None, 100, None)"
387,grievance ke liye legal cell available hai kya?,Exception,0.00,Connection Error,error,error,"slice(None, 100, None)"
388,grievance ke liye public hearing hoti hai kya?,Exception,0.00,Connection Error,error,error,"slice(None, 100, None)"
389,grievance ke liye appeal authority kaun hota hai?,Exception,0.00,Connection Error,error,error,"slice(None, 100, None)"
390,grievance policy kaha available hai?,Exception,0.00,Connection Error,error,error,"slice(None, 100, None)"
391,trial miss ho gaya due to exam kya next chance milega?,Exception,0.00,Connection Error,error,error,"slice(None, 100, None)"
392,injury ke baad hostel se bahar kar denge kya?,Exception,0.00,Connection Error,error,error,"slice(None, 100, None)"
393,private academy mein train kar raha hoon phir bhi tsa hostel mil sakta hai kya?,Exception,0.00,Connection Error,error,error,"slice(None, 100, None)"
394,state medal hai par age thodi zyada hai eligible hoon kya?,Exception,0.00,Connection Error,error,error,"slice(None, 100, None)"
395,certificate spelling mistake ho to problem hoga kya?,Exception,0.00,Connection Error,error,error,"slice(None, 100, None)"
396,online form galat submit ho gaya edit option milega kya?,Exception,0.00,Connection Error,error,error,"slice(None, 100, None)"
397,same sport mein do districts se apply kar sakta hoon kya?,Exception,0.00,Connection Error,error,error,"slice(None, 100, None)"
398,parents transfer ho gaye dusre state mein eligibility rahegi kya?,Exception,0.00,Connection Error,error,error,"slice(None, 100, None)"
399,hostel mein discipline issue ho to kya hota hai?,Exception,0.00,Connection Error,error,error,"slice(None, 100, None)"
400,scholarship ek saal miss ho gayi back pay milega kya?,Exception,0.00,Connection Error,error,error,"slice(None, 100, None)"
401,trials mein favoritism hua lagta hai complaint kaise karein?,Exception,0.00,Connection Error,error,error,Server disconnected
402,coach behavior issue ho to kaha report karein?,Exception,0.00,Connection Error,error,error,"slice(None, 100, None)"
403,documents late submit kiye to reject ho jayega kya?,Exception,0.00,Connection Error,error,error,"slice(None, 100, None)"
404,domicile proof reject ho gaya to alternative kya hai?,Exception,0.00,Connection Error,error,error,"slice(None, 100, None)"
405,caste certificate pending hai apply kar sakta hoon kya?,Exception,0.00,Connection Error,error,error,"slice(None, 100, None)"
406,scholarship amount kam aaya to kya karein?,Exception,0.00,Connection Error,error,error,"slice(None, 100, None)"
407,pfms mein naam mismatch ho gaya kya karein?,Exception,0.00,Connection Error,error,error,"slice(None, 100, None)"
408,bank account minor ka hai payment milega kya?,Exception,0.00,Connection Error,error,error,"slice(None, 100, None)"
409,hostel mein medical emergency ho jaye to process kya hai?,Exception,0.00,Connection Error,error,error,"slice(None, 100, None)"
410,sports change karna chahta hoon hostel ke beech possible hai kya?,Exception,0.00,Connection Error,error,error,"slice(None, 100, None)"
411,coach change request kaise karein?,Exception,0.00,Connection Error,error,error,"slice(None, 100, None)"
412,performance drop ho jaye to scholarship cancel ho jayegi kya?,Exception,0.00,Connection Error,error,error,"slice(None, 100, None)"
413,trials ke score public nahi aaye reason kya hai?,Exception,0.00,Connection Error,error,error,"slice(None, 100, None)"
414,same year multiple incentives claim kar sakta hoon kya?,Exception,0.00,Connection Error,error,error,"slice(None, 100, None)"
415,scholarship tax free hoti hai kya?,Exception,0.00,Connection Error,error,error,"slice(None, 100, None)"
416,hostel mein phone allowed hai kya?,Exception,0.00,Connection Error,error,error,"slice(None, 100, None)"
417,hostel se bahar practice allowed hai kya?,Exception,0.00,Connection Error,error,error,"slice(None, 100, None)"
418,hostel mein parents visit rules kya hain?,Exception,0.00,Connection Error,error,error,"slice(None, 100, None)"
419,hostel se leave kaise apply karein?,Exception,0.00,Connection Error,error,error,"slice(None, 100, None)"
420,hostel mein exam preparation support milta hai kya?,Exception,0.00,Connection Error,error,error,"slice(None, 100, None)"
421,coach absent rehta hai complaint kaise karein?,Exception,0.00,Connection Error,error,error,"slice(None, 100, None)"
422,hostel food quality issue kaha complain karein?,Exception,0.00,Connection Error,error,error,"slice(None, 100, None)"
423,hostel change request kaise karein?,Exception,0.00,Connection Error,error,error,"slice(None, 100, None)"
424,scholarship future mein increase ho sakti hai kya?,Exception,0.00,Connection Error,error,error,"slice(None, 100, None)"
425,trials ke rules mid-way change ho gaye kya valid hai?,Exception,0.00,Connection Error,error,error,"slice(None, 100, None)"
426,sports federation dispute ka impact tsa selection par hota hai kya?,Exception,0.00,Connection Error,error,error,"slice(None, 100, None)"
427,duplicate certificate submit ho gaya kya action hoga?,Exception,0.00,Connection Error,error,error,"slice(None, 100, None)"
428,fake certificate pakda gaya to kya punishment hai?,Exception,0.00,Connection Error,error,error,"slice(None, 100, None)"
429,legal case pending ho to apply kar sakta hoon kya?,Exception,0.00,Connection Error,error,error,"slice(None, 100, None)"
430,court stay ho to selection ruk jayega kya?,Exception,0.00,Connection Error,error,error,"slice(None, 100, None)"
431,hostel exit ke baad re-entry possible hai kya?,Exception,0.00,Connection Error,error,error,"slice(None, 100, None)"
432,scholarship gap year allowed hai kya?,Exception,0.00,Connection Error,error,error,"slice(None, 100, None)"
433,academic failure ke baad hostel continue kar sakte hain kya?,Exception,0.00,Connection Error,error,error,"slice(None, 100, None)"
434,hostel ke bahar tournament khel sakta hoon kya?,Exception,0.00,Connection Error,error,error,"slice(None, 100, None)"
435,coach private training allow karta hai kya?,Exception,0.00,Connection Error,error,error,"slice(None, 100, None)"
436,scholarship ke liye appeal reject ho gayi next step kya hai?,Exception,0.00,Connection Error,error,error,Server disconnected
437,payment dispute court ke bina solve ho sakta hai kya?,Exception,0.00,Connection Error,error,error,"slice(None, 100, None)"
438,hostel mein ragging complaint ka process kya hai?,Exception,0.00,Connection Error,error,error,"slice(None, 100, None)"
439,hostel discipline committee kaun hota hai?,Exception,0.00,Connection Error,error,error,"slice(None, 100, None)"
440,sports injury insurance tsa provide karta hai kya?,Exception,0.00,Connection Error,error,error,"slice(None, 100, None)"
441,covid jaise emergency mein rules change hue the kya?,Exception,0.00,Connection Error,error,error,"slice(None, 100, None)"
442,digital certificates accepted hote hain kya?,Exception,0.00,Connection Error,error,error,"slice(None, 100, None)"
443,aadhaar update pending ho to apply kar sakta hoon kya?,Exception,0.00,Connection Error,error,error,"slice(None, 100, None)"
444,hostel trial score tie ho jaye to kaise decide hota hai?,Exception,0.00,Connection Error,error,error,"slice(None, 100, None)"
445,scholarship discontinue ka notice milta hai kya?,Exception,0.00,Connection Error,error,error,"slice(None, 100, None)"
446,trial venue bahut door hai change possible hai kya?,Exception,0.00,Connection Error,error,error,"slice(None, 100, None)"
447,grievance ka response nahi aaya next step kya hai?,Exception,0.00,Connection Error,error,error,"slice(None, 100, None)"
448,hostel admission letter kab milta hai?,Exception,0.00,Connection Error,error,error,"slice(None, 100, None)"
449,scholarship approval ke baad joining formalities kya hain?,Exception,0.00,Connection Error,error,error,"slice(None, 100, None)"
450,tsa policy future mein retrospective apply ho sakti hai kya?,Exception,0.00,Connection Error,error,error,"slice(None, 100, None)"
451,same family se do children hostel mein reh sakte hain kya?,Exception,0.00,Connection Error,error,error,"slice(None, 100, None)"
452,scholarship ke liye sports federation change ho to impact kya hai?,Exception,0.00,Connection Error,error,error,"slice(None, 100, None)"
453,hostel se rustication ka process kya hai?,Exception,0.00,Connection Error,error,error,"slice(None, 100, None)"
454,coach evaluation confidential hota hai kya?,Exception,0.00,Connection Error,error,error,"slice(None, 100, None)"
455,grievance hearing record hota hai kya?,Exception,0.00,Connection Error,error,error,"slice(None, 100, None)"
456,scholarship ke liye undertaking sign karna hota hai kya?,Exception,0.00,Connection Error,error,error,"slice(None, 100, None)"
457,hostel ka location change ho jaye to kya karein?,Exception,0.00,Connection Error,error,error,"slice(None, 100, None)"
458,trial ka raw score mil sakta hai kya?,Exception,0.00,Connection Error,error,error,"slice(None, 100, None)"
459,hostel ke rules kaha likhe hote hain?,Exception,0.00,Connection Error,error,error,"slice(None, 100, None)"
460,tsa decision ko court mein challenge kar sakte hain kya?,Exception,0.00,Connection Error,error,error,"slice(None, 100, None)"
461,scholarship installment late aaye to interest milega kya?,Exception,0.00,Connection Error,error,error,"slice(None, 100, None)"
462,hostel admission ke baad transfer allowed hai kya?,Exception,0.00,Connection Error,error,error,"slice(None, 100, None)"
463,coach misconduct ka punishment kya hota hai?,Exception,0.00,Connection Error,error,error,"slice(None, 100, None)"
464,grievance ke liye rti file kar sakte hain kya?,Exception,0.00,Connection Error,error,error,"slice(None, 100, None)"
465,scholarship ke liye rti useful hoti hai kya?,Exception,0.00,Connection Error,error,error,"slice(None, 100, None)"
466,hostel admission reject hone ka reason likhit milta hai kya?,Exception,0.00,Connection Error,error,error,"slice(None, 100, None)"
467,trial selection criteria change ka notice milta hai kya?,Exception,0.00,Connection Error,error,error,"slice(None, 100, None)"
468,hostel mein sports psychologist available hota hai kya?,Exception,0.00,Connection Error,error,error,"slice(None, 100, None)"
469,tsa nutrition support provide karta hai kya?,Exception,0.00,Connection Error,error,error,"slice(None, 100, None)"
470,hostel mein gym facility hoti hai kya?,Exception,0.00,Connection Error,error,error,"slice(None, 100, None)"
471,hostel mein girls safety rules kya hain?,Exception,0.00,Connection Error,error,error,"slice(None, 100, None)"
472,scholarship policy public consultation ke baad banti hai kya?,Exception,0.00,Connection Error,error,error,"slice(None, 100, None)"
473,hostel rules violation pe warning milti hai kya?,Exception,0.00,Connection Error,error,error,"slice(None, 100, None)"
474,coach ke against anonymous complaint allowed hai kya?,Exception,0.00,Connection Error,error,error,"slice(None, 100, None)"
475,grievance escalation ke baad final authority kaun hota hai?,Exception,0.00,Connection Error,error,error,"slice(None, 100, None)"
476,hostel exit certificate milta hai kya?,Exception,0.00,Connection Error,error,error,"slice(None, 100, None)"
477,scholarship ke liye sports level downgrade ho to impact kya hai?,Exception,0.00,Connection Error,error,error,"slice(None, 100, None)"
478,hostel ke bahar sponsorship allowed hai kya?,Exception,0.00,Connection Error,error,error,"slice(None, 100, None)"
479,tsa logo use karna allowed hai kya?,Exception,0.00,Connection Error,error,error,"slice(None, 100, None)"
480,tsa permission ke bina event conduct kar sakte hain kya?,Exception,0.00,Connection Error,error,error,"slice(None, 100, None)"
481,hostel ke liye biometric attendance hoti hai kya?,Exception,0.00,Connection Error,error,error,"slice(None, 100, None)"
482,scholarship ke liye attendance threshold kya hai?,Exception,0.00,Connection Error,error,error,"slice(None, 100, None)"
483,trial ke liye digital registration proof valid hai kya?,Exception,0.00,Connection Error,error,error,"slice(None, 100, None)"
484,hostel mein disciplinary hearing hoti hai kya?,Exception,0.00,Connection Error,error,error,"slice(None, 100, None)"
485,scholarship ke liye appeal time limit kya hai?,Exception,0.00,Connection Error,error,error,"slice(None, 100, None)"
486,hostel admission ke liye medical board kaun hota hai?,Exception,0.00,Connection Error,error,error,"slice(None, 100, None)"
487,tsa scheme discontinue ho jaye to current beneficiaries ka kya hota hai?,Exception,0.00,Connection Error,error,error,"slice(None, 100, None)"
488,hostel ke liye waiting list ka validity period kya hai?,Exception,0.00,Connection Error,error,error,"slice(None, 100, None)"
489,coach posting political influence se hoti hai kya?,Exception,0.00,Connection Error,error,error,"slice(None, 100, None)"
490,grievance resolution ke baad compensation milta hai kya?,Exception,0.00,Connection Error,error,error,"slice(None, 100, None)"
491,scholarship ke liye academic gap allowed hai kya?,Exception,0.00,Connection Error,error,error,"slice(None, 100, None)"
492,hostel ke rules pdf kaha milegi?,Exception,0.00,Connection Error,error,error,"slice(None, 100, None)"
493,tsa ke circulars telugu mein milte hain kya?,Exception,0.00,Connection Error,error,error,"slice(None, 100, None)"
494,tsa ke notifications hindi mein available hote hain kya?,Exception,0.00,Connection Error,error,error,"slice(None, 100, None)"
495,tsa chatbot official hai kya?,Exception,0.00,Connection Error,error,error,"slice(None, 100, None)"
496,chatbot answer galat ho to kya karein?,Exception,0.00,Connection Error,error,error,"slice(None, 100, None)"
497,chatbot response legal binding hota hai kya?,Exception,0.00,Connection Error,error,error,"slice(None, 100, None)"
498,chatbot ke through application submit kar sakte hain kya?,Exception,0.00,Connection Error,error,error,"slice(None, 100, None)"
499,chatbot se human officer connect ho sakta hai kya?,Exception,0.00,Connection Error,error,error,"slice(None, 100, None)"
500,chatbot feedback kaise de sakte hain?,Exception,0.00,Connection Error,error,error,"slice(None, 100, None)"
